"id","pred"
1,0
2,1
3,1
4,1
5,0
6,1
7,0
8,1
9,1
10,0
11,1
12,1
13,0
14,0
15,1
16,1
17,1
18,1
19,0
20,1
21,0
22,0
23,1
24,1
25,1
26,0
27,0
28,0
29,0
30,0
31,0
32,0
33,1
34,0
35,1
36,0
37,0
38,1
39,0
40,0
41,1
42,0
43,0
44,0
45,0
46,1
47,1
48,1
49,1
50,0
51,0
52,1
53,1
54,0
55,0
56,1
57,1
58,1
59,0
60,1
61,0
62,0
63,1
64,1
65,0
66,0
67,0
68,1
69,1
70,1
71,0
72,1
73,1
74,1
75,1
76,0
77,1
78,0
79,0
80,1
81,0
82,0
83,0
84,1
85,1
86,0
87,1
88,0
89,0
90,1
91,1
92,1
93,1
94,0
95,1
96,0
97,1
98,1
99,0
100,1
101,1
102,0
103,1
104,1
105,1
106,0
107,1
108,0
109,0
110,0
111,1
112,1
113,0
114,0
115,0
116,1
117,1
118,1
119,0
120,0
121,0
122,1
123,0
124,0
125,1
126,0
127,1
128,1
129,0
130,1
131,1
132,0
133,0
134,1
135,0
136,1
137,1
138,0
139,0
140,1
141,1
142,0
143,0
144,0
145,1
146,1
147,1
148,0
149,0
150,1
151,1
152,1
153,1
154,1
155,1
156,1
157,1
158,0
159,0
160,1
161,0
162,0
163,1
164,1
165,0
166,1
167,1
168,1
169,1
170,0
171,0
172,1
173,0
174,1
175,1
176,0
177,0
178,1
179,0
180,1
181,1
182,0
183,1
184,0
185,0
186,1
187,0
188,0
189,0
190,1
191,0
192,0
193,0
194,0
195,1
196,1
197,1
198,0
199,1
200,1
201,0
202,0
203,1
204,1
205,0
206,0
207,0
208,1
209,1
210,1
211,0
212,1
213,1
214,0
215,0
216,1
217,1
218,0
219,0
220,1
221,0
222,0
223,0
224,0
225,0
226,0
227,0
228,0
229,0
230,0
231,0
232,1
233,1
234,0
235,1
236,0
237,1
238,0
239,1
240,1
241,1
242,0
243,1
244,0
245,0
246,1
247,1
248,0
249,0
250,1
251,1
252,0
253,0
254,0
255,0
256,0
257,0
258,1
259,0
260,0
261,1
262,0
263,0
264,1
265,0
266,1
267,0
268,0
269,1
270,1
271,0
272,0
273,1
274,0
275,1
276,0
277,0
278,0
279,0
280,0
281,1
282,1
283,1
284,1
285,0
286,0
287,0
288,0
289,0
290,0
291,1
292,1
293,0
294,1
295,0
296,0
297,1
298,1
299,1
300,1
301,1
302,0
303,0
304,0
305,1
306,1
307,1
308,1
309,1
310,1
311,1
312,0
313,1
314,1
315,1
316,1
317,1
318,1
319,0
320,0
321,1
322,1
323,0
324,0
325,1
326,0
327,0
328,0
329,0
330,0
331,1
332,0
333,1
334,1
335,1
336,0
337,1
338,1
339,0
340,1
341,1
342,0
343,1
344,0
345,0
346,0
347,1
348,1
349,1
350,0
351,0
352,1
353,0
354,1
355,0
356,1
357,0
358,0
359,0
360,1
361,1
362,1
363,0
364,0
365,0
366,0
367,1
368,0
369,0
370,1
371,0
372,0
373,0
374,0
375,1
376,0
377,1
378,1
379,1
380,0
381,1
382,0
383,1
384,0
385,0
386,1
387,1
388,0
389,1
390,0
391,0
392,0
393,1
394,1
395,1
396,0
397,1
398,0
399,0
400,0
401,0
402,0
403,0
404,1
405,0
406,1
407,0
408,1
409,1
410,1
411,0
412,1
413,0
414,1
415,1
416,0
417,0
418,1
419,1
420,1
421,1
422,0
423,1
424,1
425,0
426,1
427,1
428,1
429,1
430,1
431,0
432,1
433,0
434,1
435,0
436,0
437,0
438,1
439,1
440,1
441,1
442,0
443,0
444,0
445,1
446,0
447,1
448,1
449,0
450,1
451,0
452,0
453,0
454,1
455,0
456,1
457,1
458,0
459,0
460,1
461,1
462,1
463,0
464,1
465,0
466,1
467,0
468,0
469,0
470,0
471,0
472,1
473,1
474,1
475,0
476,1
477,0
478,0
479,0
480,1
481,1
482,0
483,1
484,0
485,1
486,0
487,1
488,0
489,1
490,0
491,0
492,1
493,0
494,0
495,0
496,1
497,0
498,1
499,0
500,0
501,1
502,0
503,0
504,1
505,0
506,1
507,0
508,0
509,1
510,0
511,0
512,1
513,0
514,0
515,1
516,1
517,1
518,0
519,0
520,0
521,0
522,1
523,1
524,1
525,1
526,0
527,0
528,1
529,1
530,0
531,0
532,1
533,0
534,0
535,0
536,1
537,0
538,0
539,1
540,0
541,1
542,0
543,1
544,0
545,0
546,1
547,1
548,1
549,1
550,1
551,1
552,0
553,1
554,1
555,0
556,1
557,0
558,1
559,1
560,1
561,0
562,0
563,1
564,1
565,1
566,0
567,0
568,1
569,0
570,1
571,1
572,1
573,0
574,0
575,1
576,1
577,0
578,0
579,1
580,0
581,1
582,1
583,0
584,0
585,1
586,1
587,1
588,1
589,0
590,1
591,1
592,0
593,0
594,0
595,0
596,0
597,1
598,1
599,0
600,1
601,1
602,0
603,1
604,0
605,1
606,1
607,0
608,0
609,1
610,1
611,0
612,1
613,0
614,0
615,1
616,1
617,1
618,1
619,0
620,0
621,0
622,1
623,1
624,1
625,0
626,1
627,1
628,0
629,0
630,1
631,0
632,1
633,0
634,1
635,0
636,0
637,1
638,1
639,0
640,1
641,1
642,0
643,0
644,0
645,1
646,0
647,0
648,1
649,0
650,1
651,1
652,0
653,1
654,0
655,1
656,0
657,1
658,1
659,1
660,0
661,0
662,1
663,0
664,0
665,0
666,0
667,1
668,0
669,1
670,0
671,1
672,0
673,0
674,1
675,0
676,1
677,0
678,0
679,0
680,0
681,1
682,1
683,1
684,0
685,0
686,0
687,1
688,1
689,1
690,0
691,0
692,0
693,1
694,1
695,1
696,0
697,1
698,1
699,1
700,1
701,0
702,0
703,0
704,1
705,1
706,1
707,1
708,1
709,1
710,1
711,0
712,1
713,0
714,1
715,0
716,0
717,1
718,0
719,0
720,0
721,0
722,0
723,0
724,0
725,1
726,1
727,1
728,0
729,1
730,0
731,1
732,0
733,1
734,1
735,0
736,0
737,1
738,1
739,1
740,1
741,1
742,1
743,1
744,1
745,0
746,0
747,1
748,1
749,0
750,0
751,0
752,1
753,1
754,0
755,1
756,0
757,1
758,1
759,0
760,1
761,1
762,0
763,1
764,1
765,1
766,1
767,0
768,1
769,0
770,1
771,1
772,0
773,0
774,0
775,0
776,0
777,0
778,1
779,0
780,0
781,0
782,1
783,1
784,0
785,0
786,1
787,1
788,0
789,1
790,0
791,0
792,0
793,0
794,1
795,1
796,0
797,0
798,0
799,0
800,0
801,1
802,1
803,1
804,1
805,1
806,1
807,0
808,1
809,1
810,1
811,1
812,1
813,0
814,1
815,0
816,1
817,0
818,0
819,1
820,1
821,0
822,0
823,0
824,1
825,0
826,0
827,1
828,1
829,0
830,0
831,0
832,0
833,1
834,0
835,1
836,1
837,0
838,0
839,0
840,1
841,1
842,1
843,0
844,0
845,0
846,1
847,1
848,1
849,0
850,1
851,1
852,0
853,1
854,0
855,1
856,1
857,1
858,0
859,0
860,1
861,1
862,0
863,1
864,1
865,1
866,1
867,1
868,1
869,0
870,1
871,0
872,1
873,0
874,1
875,0
876,1
877,1
878,1
879,1
880,1
881,0
882,1
883,0
884,0
885,0
886,0
887,0
888,0
889,1
890,0
891,1
892,0
893,1
894,1
895,0
896,0
897,1
898,0
899,0
900,0
901,0
902,1
903,1
904,0
905,0
906,1
907,1
908,1
909,1
910,1
911,0
912,1
913,1
914,0
915,0
916,0
917,0
918,1
919,1
920,0
921,1
922,1
923,1
924,0
925,1
926,1
927,0
928,0
929,1
930,1
931,0
932,1
933,1
934,0
935,0
936,0
937,0
938,0
939,0
940,0
941,1
942,1
943,1
944,0
945,1
946,0
947,0
948,0
949,1
950,0
951,1
952,1
953,1
954,0
955,0
956,0
957,1
958,1
959,1
960,1
961,1
962,0
963,0
964,1
965,1
966,1
967,1
968,1
969,1
970,1
971,1
972,1
973,0
974,1
975,0
976,1
977,1
978,1
979,0
980,1
981,1
982,1
983,1
984,0
985,0
986,0
987,1
988,1
989,1
990,0
991,0
992,1
993,1
994,1
995,0
996,0
997,0
998,1
999,1
1000,1
1001,1
1002,0
1003,0
1004,0
1005,1
1006,1
1007,0
1008,0
1009,0
1010,0
1011,0
1012,0
1013,0
1014,1
1015,0
1016,0
1017,1
1018,1
1019,0
1020,0
1021,1
1022,0
1023,1
1024,1
1025,1
1026,0
1027,0
1028,1
1029,0
1030,1
1031,1
1032,0
1033,0
1034,0
1035,0
1036,1
1037,1
1038,1
1039,1
1040,1
1041,1
1042,0
1043,1
1044,1
1045,0
1046,0
1047,0
1048,0
1049,0
1050,1
1051,1
1052,0
1053,0
1054,0
1055,0
1056,0
1057,0
1058,1
1059,1
1060,0
1061,1
1062,1
1063,1
1064,1
1065,0
1066,1
1067,0
1068,0
1069,0
1070,0
1071,0
1072,1
1073,0
1074,0
1075,1
1076,0
1077,0
1078,1
1079,1
1080,0
1081,1
1082,1
1083,0
1084,1
1085,0
1086,0
1087,1
1088,0
1089,1
1090,0
1091,0
1092,0
1093,0
1094,1
1095,0
1096,0
1097,0
1098,0
1099,0
1100,1
1101,0
1102,0
1103,0
1104,1
1105,1
1106,1
1107,1
1108,1
1109,1
1110,1
1111,0
1112,1
1113,1
1114,1
1115,0
1116,1
1117,0
1118,1
1119,0
1120,1
1121,1
1122,1
1123,1
1124,0
1125,0
1126,1
1127,0
1128,0
1129,1
1130,1
1131,1
1132,0
1133,0
1134,1
1135,1
1136,1
1137,1
1138,0
1139,1
1140,1
1141,1
1142,0
1143,0
1144,0
1145,0
1146,0
1147,1
1148,1
1149,0
1150,0
1151,1
1152,1
1153,0
1154,0
1155,0
1156,0
1157,1
1158,1
1159,1
1160,1
1161,0
1162,0
1163,1
1164,1
1165,0
1166,0
1167,1
1168,1
1169,1
1170,0
1171,1
1172,1
1173,1
1174,1
1175,0
1176,1
1177,1
1178,1
1179,0
1180,1
1181,0
1182,0
1183,0
1184,0
1185,1
1186,1
1187,0
1188,1
1189,1
1190,1
1191,1
1192,1
1193,0
1194,1
1195,0
1196,1
1197,1
1198,1
1199,0
1200,1
1201,1
1202,0
1203,0
1204,1
1205,1
1206,0
1207,0
1208,0
1209,0
1210,0
1211,1
1212,0
1213,1
1214,0
1215,1
1216,1
1217,1
1218,1
1219,1
1220,1
1221,0
1222,0
1223,1
1224,1
1225,1
1226,0
1227,1
1228,0
1229,1
1230,1
1231,1
1232,1
1233,0
1234,1
1235,1
1236,1
1237,1
1238,0
1239,1
1240,0
1241,0
1242,1
1243,0
1244,0
1245,0
1246,0
1247,0
1248,1
1249,1
1250,0
1251,0
1252,0
1253,1
1254,1
1255,0
1256,1
1257,0
1258,1
1259,0
1260,1
1261,1
1262,1
1263,1
1264,1
1265,1
1266,1
1267,0
1268,0
1269,1
1270,1
1271,1
1272,0
1273,0
1274,0
1275,1
1276,0
1277,1
1278,1
1279,0
1280,1
1281,0
1282,0
1283,0
1284,0
1285,1
1286,1
1287,1
1288,1
1289,0
1290,0
1291,0
1292,1
1293,1
1294,1
1295,1
1296,1
1297,0
1298,1
1299,0
1300,0
1301,0
1302,1
1303,1
1304,0
1305,1
1306,1
1307,1
1308,0
1309,0
1310,1
1311,1
1312,1
1313,1
1314,0
1315,0
1316,1
1317,1
1318,0
1319,0
1320,1
1321,0
1322,0
1323,1
1324,1
1325,1
1326,1
1327,0
1328,1
1329,1
1330,1
1331,0
1332,0
1333,0
1334,0
1335,1
1336,1
1337,0
1338,1
1339,0
1340,1
1341,1
1342,0
1343,0
1344,0
1345,0
1346,0
1347,1
1348,1
1349,0
1350,0
1351,1
1352,1
1353,0
1354,1
1355,1
1356,0
1357,0
1358,0
1359,1
1360,1
1361,0
1362,1
1363,0
1364,0
1365,0
1366,1
1367,0
1368,1
1369,1
1370,0
1371,0
1372,0
1373,1
1374,0
1375,1
1376,1
1377,0
1378,1
1379,1
1380,0
1381,0
1382,0
1383,0
1384,1
1385,1
1386,1
1387,0
1388,1
1389,1
1390,0
1391,1
1392,1
1393,0
1394,1
1395,1
1396,1
1397,1
1398,1
1399,1
1400,0
1401,0
1402,1
1403,1
1404,0
1405,1
1406,0
1407,1
1408,0
1409,1
1410,0
1411,1
1412,0
1413,1
1414,0
1415,1
1416,0
1417,1
1418,0
1419,1
1420,1
1421,0
1422,0
1423,0
1424,1
1425,0
1426,1
1427,0
1428,1
1429,1
1430,1
1431,1
1432,1
1433,1
1434,1
1435,0
1436,0
1437,1
1438,0
1439,0
1440,0
1441,1
1442,1
1443,1
1444,0
1445,1
1446,1
1447,0
1448,1
1449,0
1450,0
1451,0
1452,0
1453,0
1454,1
1455,0
1456,0
1457,0
1458,0
1459,0
1460,1
1461,1
1462,0
1463,0
1464,0
1465,1
1466,0
1467,0
1468,1
1469,1
1470,1
1471,0
1472,1
1473,1
1474,0
1475,1
1476,0
1477,1
1478,1
1479,1
1480,0
1481,1
1482,0
1483,0
1484,1
1485,1
1486,0
1487,1
1488,0
1489,0
1490,0
1491,1
1492,1
1493,1
1494,0
1495,0
1496,0
1497,1
1498,0
1499,1
1500,1
1501,1
1502,1
1503,1
1504,0
1505,0
1506,0
1507,0
1508,0
1509,0
1510,0
1511,0
1512,0
1513,0
1514,1
1515,1
1516,1
1517,1
1518,0
1519,1
1520,1
1521,1
1522,0
1523,1
1524,1
1525,1
1526,0
1527,1
1528,0
1529,1
1530,0
1531,0
1532,1
1533,1
1534,0
1535,1
1536,1
1537,0
1538,0
1539,0
1540,0
1541,1
1542,1
1543,0
1544,0
1545,1
1546,0
1547,1
1548,0
1549,0
1550,1
1551,1
1552,0
1553,0
1554,1
1555,0
1556,0
1557,1
1558,0
1559,1
1560,0
1561,0
1562,0
1563,1
1564,0
1565,0
1566,0
1567,1
1568,1
1569,0
1570,0
1571,1
1572,1
1573,1
1574,1
1575,0
1576,0
1577,1
1578,1
1579,0
1580,0
1581,0
1582,1
1583,1
1584,1
1585,0
1586,0
1587,0
1588,0
1589,1
1590,0
1591,1
1592,1
1593,0
1594,0
1595,1
1596,1
1597,0
1598,1
1599,0
1600,1
1601,0
1602,1
1603,1
1604,1
1605,1
1606,1
1607,1
1608,0
1609,1
1610,0
1611,1
1612,0
1613,0
1614,1
1615,1
1616,0
1617,0
1618,1
1619,0
1620,0
1621,1
1622,0
1623,1
1624,1
1625,1
1626,0
1627,1
1628,1
1629,0
1630,0
1631,0
1632,0
1633,0
1634,0
1635,0
1636,0
1637,1
1638,1
1639,1
1640,1
1641,0
1642,1
1643,1
1644,1
1645,1
1646,1
1647,1
1648,0
1649,1
1650,1
1651,1
1652,1
1653,1
1654,0
1655,1
1656,1
1657,1
1658,1
1659,1
1660,0
1661,1
1662,1
1663,0
1664,1
1665,1
1666,0
1667,0
1668,0
1669,0
1670,1
1671,0
1672,1
1673,0
1674,0
1675,1
1676,1
1677,1
1678,0
1679,1
1680,0
1681,1
1682,0
1683,0
1684,0
1685,0
1686,0
1687,0
1688,1
1689,1
1690,1
1691,1
1692,0
1693,1
1694,1
1695,0
1696,1
1697,1
1698,1
1699,0
1700,0
1701,0
1702,0
1703,1
1704,0
1705,1
1706,1
1707,1
1708,0
1709,0
1710,1
1711,0
1712,0
1713,1
1714,1
1715,1
1716,1
1717,1
1718,0
1719,0
1720,1
1721,0
1722,0
1723,0
1724,1
1725,0
1726,0
1727,1
1728,0
1729,1
1730,1
1731,1
1732,1
1733,0
1734,1
1735,0
1736,0
1737,0
1738,1
1739,1
1740,0
1741,1
1742,0
1743,0
1744,1
1745,0
1746,0
1747,1
1748,0
1749,1
1750,1
1751,1
1752,0
1753,1
1754,0
1755,0
1756,0
1757,0
1758,0
1759,0
1760,0
1761,0
1762,1
1763,0
1764,0
1765,0
1766,1
1767,1
1768,1
1769,1
1770,0
1771,0
1772,1
1773,0
1774,0
1775,1
1776,0
1777,0
1778,1
1779,1
1780,1
1781,1
1782,0
1783,0
1784,1
1785,1
1786,1
1787,0
1788,1
1789,0
1790,1
1791,0
1792,1
1793,1
1794,1
1795,1
1796,1
1797,0
1798,1
1799,0
1800,1
1801,1
1802,1
1803,1
1804,0
1805,0
1806,1
1807,1
1808,0
1809,1
1810,0
1811,1
1812,0
1813,0
1814,0
1815,0
1816,0
1817,0
1818,1
1819,1
1820,1
1821,1
1822,1
1823,1
1824,0
1825,1
1826,1
1827,0
1828,0
1829,0
1830,1
1831,0
1832,0
1833,0
1834,1
1835,0
1836,1
1837,1
1838,0
1839,1
1840,1
1841,0
1842,0
1843,1
1844,1
1845,0
1846,1
1847,1
1848,0
1849,0
1850,1
1851,0
1852,1
1853,1
1854,1
1855,0
1856,1
1857,0
1858,1
1859,1
1860,0
1861,0
1862,1
1863,0
1864,0
1865,1
1866,1
1867,0
1868,1
1869,1
1870,1
1871,0
1872,1
1873,1
1874,1
1875,0
1876,1
1877,0
1878,0
1879,0
1880,0
1881,0
1882,0
1883,1
1884,1
1885,1
1886,1
1887,0
1888,0
1889,1
1890,1
1891,1
1892,0
1893,0
1894,0
1895,0
1896,1
1897,0
1898,1
1899,0
1900,0
1901,0
1902,0
1903,1
1904,1
1905,0
1906,1
1907,0
1908,0
1909,0
1910,1
1911,0
1912,0
1913,0
1914,1
1915,0
1916,1
1917,1
1918,0
1919,1
1920,1
1921,0
1922,0
1923,1
1924,0
1925,1
1926,1
1927,0
1928,0
1929,1
1930,1
1931,1
1932,0
1933,0
1934,0
1935,1
1936,1
1937,0
1938,0
1939,0
1940,0
1941,0
1942,1
1943,1
1944,1
1945,0
1946,1
1947,1
1948,1
1949,1
1950,1
1951,1
1952,1
1953,0
1954,1
1955,0
1956,1
1957,1
1958,1
1959,1
1960,1
1961,1
1962,1
1963,0
1964,1
1965,0
1966,0
1967,0
1968,0
1969,0
1970,1
1971,1
1972,1
1973,1
1974,1
1975,0
1976,0
1977,0
1978,1
1979,0
1980,1
1981,0
1982,0
1983,0
1984,1
1985,1
1986,1
1987,1
1988,1
1989,1
1990,1
1991,1
1992,0
1993,0
1994,0
1995,0
1996,0
1997,1
1998,0
1999,1
2000,0
2001,1
2002,1
2003,0
2004,1
2005,1
2006,1
2007,0
2008,1
2009,1
2010,1
2011,1
2012,1
2013,1
2014,0
2015,0
2016,1
2017,1
2018,0
2019,1
2020,0
2021,1
2022,0
2023,0
2024,1
2025,0
2026,0
2027,1
2028,0
2029,0
2030,1
2031,1
2032,0
2033,0
2034,0
2035,1
2036,0
2037,1
2038,0
2039,1
2040,0
2041,0
2042,1
2043,1
2044,1
2045,0
2046,1
2047,1
2048,1
2049,0
2050,0
2051,0
2052,0
2053,1
2054,0
2055,1
2056,0
2057,1
2058,0
2059,0
2060,0
2061,0
2062,0
2063,1
2064,1
2065,0
2066,0
2067,0
2068,0
2069,1
2070,1
2071,0
2072,0
2073,0
2074,0
2075,1
2076,0
2077,1
2078,0
2079,1
2080,0
2081,1
2082,1
2083,1
2084,0
2085,1
2086,0
2087,0
2088,0
2089,0
2090,0
2091,0
2092,0
2093,0
2094,0
2095,0
2096,0
2097,1
2098,1
2099,1
2100,0
2101,1
2102,0
2103,1
2104,0
2105,0
2106,1
2107,1
2108,1
2109,0
2110,0
2111,1
2112,1
2113,0
2114,1
2115,1
2116,0
2117,1
2118,0
2119,1
2120,0
2121,1
2122,1
2123,0
2124,0
2125,1
2126,1
2127,0
2128,0
2129,1
2130,1
2131,1
2132,0
2133,1
2134,0
2135,0
2136,1
2137,1
2138,0
2139,1
2140,1
2141,1
2142,0
2143,1
2144,1
2145,1
2146,0
2147,0
2148,0
2149,0
2150,0
2151,0
2152,1
2153,1
2154,1
2155,0
2156,1
2157,0
2158,1
2159,1
2160,0
2161,1
2162,1
2163,0
2164,1
2165,0
2166,0
2167,1
2168,1
2169,1
2170,1
2171,0
2172,0
2173,0
2174,1
2175,1
2176,1
2177,1
2178,1
2179,0
2180,0
2181,0
2182,1
2183,1
2184,1
2185,1
2186,1
2187,1
2188,0
2189,0
2190,1
2191,0
2192,1
2193,0
2194,1
2195,1
2196,0
2197,0
2198,0
2199,1
2200,1
2201,1
2202,0
2203,1
2204,1
2205,0
2206,1
2207,1
2208,1
2209,1
2210,0
2211,0
2212,0
2213,0
2214,0
2215,1
2216,0
2217,0
2218,1
2219,1
2220,1
2221,1
2222,0
2223,1
2224,0
2225,1
2226,1
2227,1
2228,1
2229,1
2230,0
2231,0
2232,1
2233,0
2234,0
2235,1
2236,1
2237,0
2238,0
2239,1
2240,0
2241,1
2242,1
2243,0
2244,0
2245,1
2246,1
2247,0
2248,1
2249,1
2250,1
2251,1
2252,0
2253,0
2254,0
2255,1
2256,0
2257,0
2258,1
2259,0
2260,1
2261,0
2262,0
2263,1
2264,0
2265,1
2266,1
2267,1
2268,1
2269,1
2270,0
2271,0
2272,1
2273,1
2274,1
2275,1
2276,0
2277,1
2278,0
2279,0
2280,0
2281,1
2282,0
2283,0
2284,0
2285,1
2286,0
2287,1
2288,0
2289,0
2290,1
2291,0
2292,1
2293,0
2294,0
2295,0
2296,1
2297,1
2298,0
2299,1
2300,0
2301,0
2302,0
2303,0
2304,1
2305,1
2306,1
2307,0
2308,1
2309,1
2310,0
2311,0
2312,0
2313,0
2314,1
2315,1
2316,1
2317,1
2318,0
2319,0
2320,0
2321,1
2322,1
2323,1
2324,1
2325,1
2326,1
2327,1
2328,0
2329,1
2330,1
2331,0
2332,0
2333,1
2334,0
2335,1
2336,0
2337,0
2338,1
2339,1
2340,0
2341,0
2342,1
2343,0
2344,1
2345,0
2346,0
2347,1
2348,0
2349,1
2350,0
2351,0
2352,1
2353,0
2354,0
2355,1
2356,1
2357,0
2358,1
2359,1
2360,0
2361,1
2362,1
2363,1
2364,0
2365,0
2366,1
2367,0
2368,1
2369,0
2370,0
2371,0
2372,0
2373,1
2374,0
2375,0
2376,0
2377,0
2378,1
2379,0
2380,1
2381,1
2382,1
2383,1
2384,0
2385,0
2386,1
2387,1
2388,0
2389,0
2390,1
2391,0
2392,0
2393,1
2394,0
2395,0
2396,1
2397,1
2398,0
2399,1
2400,0
2401,0
2402,1
2403,1
2404,0
2405,1
2406,0
2407,1
2408,0
2409,0
2410,1
2411,0
2412,1
2413,0
2414,0
2415,1
2416,1
2417,1
2418,0
2419,1
2420,0
2421,0
2422,1
2423,0
2424,1
2425,0
2426,1
2427,1
2428,0
2429,0
2430,0
2431,1
2432,0
2433,1
2434,1
2435,1
2436,1
2437,1
2438,0
2439,1
2440,1
2441,1
2442,1
2443,0
2444,1
2445,1
2446,0
2447,1
2448,0
2449,0
2450,0
2451,1
2452,0
2453,1
2454,1
2455,1
2456,0
2457,0
2458,0
2459,1
2460,0
2461,1
2462,1
2463,0
2464,1
2465,0
2466,1
2467,0
2468,0
2469,0
2470,1
2471,1
2472,1
2473,0
2474,0
2475,0
2476,1
2477,0
2478,1
2479,0
2480,1
2481,0
2482,0
2483,1
2484,0
2485,0
2486,0
2487,0
2488,1
2489,0
2490,1
2491,0
2492,0
2493,1
2494,1
2495,0
2496,0
2497,1
2498,0
2499,1
2500,0
2501,0
2502,1
2503,1
2504,0
2505,1
2506,1
2507,1
2508,1
2509,1
2510,0
2511,0
2512,1
2513,0
2514,1
2515,1
2516,1
2517,0
2518,1
2519,0
2520,1
2521,0
2522,1
2523,0
2524,1
2525,1
2526,1
2527,0
2528,0
2529,0
2530,0
2531,1
2532,1
2533,0
2534,1
2535,1
2536,0
2537,1
2538,1
2539,0
2540,0
2541,1
2542,1
2543,1
2544,0
2545,1
2546,0
2547,1
2548,1
2549,1
2550,0
2551,0
2552,0
2553,1
2554,1
2555,0
2556,1
2557,0
2558,1
2559,1
2560,0
2561,0
2562,0
2563,0
2564,0
2565,0
2566,0
2567,1
2568,0
2569,0
2570,0
2571,0
2572,1
2573,0
2574,0
2575,1
2576,1
2577,0
2578,1
2579,1
2580,1
2581,1
2582,1
2583,0
2584,0
2585,0
2586,0
2587,1
2588,1
2589,1
2590,1
2591,0
2592,0
2593,1
2594,1
2595,1
2596,0
2597,1
2598,1
2599,0
2600,1
2601,0
2602,1
2603,1
2604,1
2605,0
2606,0
2607,0
2608,0
2609,0
2610,0
2611,1
2612,0
2613,0
2614,0
2615,0
2616,1
2617,1
2618,1
2619,1
2620,0
2621,1
2622,0
2623,0
2624,1
2625,1
2626,0
2627,1
2628,0
2629,1
2630,1
2631,1
2632,0
2633,1
2634,1
2635,1
2636,1
2637,0
2638,0
2639,0
2640,0
2641,0
2642,1
2643,0
2644,1
2645,1
2646,1
2647,0
2648,1
2649,0
2650,0
2651,0
2652,1
2653,0
2654,0
2655,1
2656,0
2657,0
2658,1
2659,0
2660,0
2661,0
2662,1
2663,0
2664,0
2665,1
2666,0
2667,0
2668,1
2669,1
2670,1
2671,0
2672,0
2673,0
2674,1
2675,0
2676,1
2677,0
2678,1
2679,1
2680,1
2681,0
2682,0
2683,1
2684,0
2685,1
2686,1
2687,1
2688,0
2689,1
2690,1
2691,1
2692,1
2693,0
2694,0
2695,0
2696,0
2697,1
2698,1
2699,0
2700,0
2701,0
2702,0
2703,1
2704,0
2705,1
2706,0
2707,0
2708,1
2709,1
2710,0
2711,1
2712,0
2713,1
2714,0
2715,1
2716,1
2717,0
2718,1
2719,1
2720,1
2721,0
2722,0
2723,1
2724,1
2725,0
2726,0
2727,1
2728,0
2729,1
2730,1
2731,1
2732,0
2733,0
2734,1
2735,0
2736,1
2737,1
2738,1
2739,0
2740,1
2741,0
2742,0
2743,1
2744,1
2745,1
2746,1
2747,1
2748,1
2749,1
2750,0
2751,0
2752,0
2753,0
2754,1
2755,1
2756,1
2757,1
2758,0
2759,0
2760,1
2761,1
2762,1
2763,1
2764,0
2765,0
2766,1
2767,1
2768,0
2769,0
2770,0
2771,1
2772,1
2773,0
2774,1
2775,0
2776,0
2777,1
2778,0
2779,1
2780,0
2781,1
2782,0
2783,0
2784,0
2785,0
2786,1
2787,1
2788,0
2789,1
2790,1
2791,1
2792,1
2793,0
2794,0
2795,0
2796,0
2797,0
2798,1
2799,1
2800,0
2801,0
2802,1
2803,1
2804,0
2805,0
2806,1
2807,1
2808,1
2809,1
2810,1
2811,1
2812,1
2813,1
2814,0
2815,0
2816,1
2817,0
2818,1
2819,0
2820,0
2821,0
2822,1
2823,1
2824,0
2825,1
2826,1
2827,0
2828,1
2829,0
2830,1
2831,1
2832,0
2833,1
2834,1
2835,1
2836,1
2837,1
2838,1
2839,1
2840,0
2841,0
2842,0
2843,1
2844,0
2845,1
2846,0
2847,0
2848,0
2849,0
2850,1
2851,1
2852,0
2853,0
2854,0
2855,0
2856,0
2857,0
2858,1
2859,0
2860,0
2861,1
2862,0
2863,1
2864,1
2865,1
2866,1
2867,1
2868,1
2869,1
2870,1
2871,0
2872,1
2873,0
2874,1
2875,1
2876,0
2877,1
2878,0
2879,1
2880,1
2881,0
2882,0
2883,1
2884,0
2885,0
2886,0
2887,1
2888,0
2889,0
2890,0
2891,0
2892,0
2893,0
2894,1
2895,1
2896,1
2897,0
2898,1
2899,1
2900,1
2901,0
2902,0
2903,1
2904,0
2905,1
2906,1
2907,0
2908,0
2909,1
2910,0
2911,1
2912,1
2913,1
2914,0
2915,0
2916,0
2917,0
2918,0
2919,0
2920,1
2921,0
2922,1
2923,0
2924,1
2925,1
2926,0
2927,1
2928,1
2929,1
2930,0
2931,1
2932,1
2933,1
2934,1
2935,0
2936,0
2937,1
2938,1
2939,0
2940,0
2941,1
2942,1
2943,1
2944,1
2945,0
2946,1
2947,1
2948,1
2949,1
2950,1
2951,1
2952,1
2953,1
2954,0
2955,1
2956,0
2957,0
2958,1
2959,1
2960,0
2961,1
2962,1
2963,0
2964,1
2965,1
2966,0
2967,1
2968,0
2969,1
2970,1
2971,0
2972,1
2973,1
2974,1
2975,0
2976,1
2977,1
2978,1
2979,1
2980,0
2981,1
2982,0
2983,0
2984,0
2985,0
2986,1
2987,1
2988,0
2989,1
2990,0
2991,0
2992,1
2993,1
2994,1
2995,0
2996,0
2997,0
2998,1
2999,1
3000,0
3001,1
3002,0
3003,1
3004,0
3005,1
3006,1
3007,0
3008,1
3009,1
3010,1
3011,1
3012,0
3013,0
3014,1
3015,0
3016,0
3017,0
3018,1
3019,0
3020,0
3021,0
3022,1
3023,0
3024,1
3025,0
3026,1
3027,0
3028,0
3029,1
3030,0
3031,1
3032,1
3033,1
3034,1
3035,0
3036,1
3037,0
3038,0
3039,0
3040,0
3041,1
3042,1
3043,0
3044,1
3045,1
3046,1
3047,1
3048,1
3049,0
3050,1
3051,0
3052,0
3053,0
3054,1
3055,0
3056,1
3057,1
3058,1
3059,1
3060,1
3061,0
3062,0
3063,1
3064,0
3065,1
3066,0
3067,0
3068,0
3069,1
3070,1
3071,1
3072,1
3073,0
3074,1
3075,0
3076,0
3077,0
3078,0
3079,0
3080,1
3081,0
3082,1
3083,1
3084,1
3085,1
3086,1
3087,1
3088,1
3089,1
3090,1
3091,0
3092,1
3093,0
3094,1
3095,1
3096,1
3097,0
3098,1
3099,0
3100,0
3101,0
3102,0
3103,0
3104,1
3105,0
3106,0
3107,0
3108,1
3109,0
3110,1
3111,1
3112,1
3113,0
3114,0
3115,0
3116,1
3117,1
3118,1
3119,0
3120,0
3121,1
3122,0
3123,0
3124,1
3125,1
3126,1
3127,1
3128,1
3129,0
3130,1
3131,0
3132,0
3133,1
3134,0
3135,1
3136,0
3137,0
3138,0
3139,0
3140,1
3141,0
3142,1
3143,1
3144,1
3145,0
3146,1
3147,1
3148,1
3149,1
3150,0
3151,1
3152,0
3153,0
3154,0
3155,1
3156,0
3157,1
3158,0
3159,0
3160,0
3161,0
3162,1
3163,1
3164,0
3165,0
3166,0
3167,1
3168,0
3169,0
3170,1
3171,1
3172,1
3173,0
3174,1
3175,0
3176,0
3177,0
3178,0
3179,0
3180,1
3181,0
3182,1
3183,1
3184,1
3185,1
3186,1
3187,1
3188,1
3189,1
3190,0
3191,1
3192,1
3193,0
3194,1
3195,0
3196,1
3197,1
3198,1
3199,0
3200,0
3201,0
3202,0
3203,0
3204,1
3205,1
3206,1
3207,1
3208,1
3209,1
3210,1
3211,0
3212,0
3213,0
3214,0
3215,0
3216,0
3217,0
3218,0
3219,0
3220,1
3221,0
3222,0
3223,1
3224,1
3225,1
3226,1
3227,0
3228,0
3229,0
3230,1
3231,0
3232,0
3233,0
3234,0
3235,0
3236,0
3237,1
3238,0
3239,0
3240,0
3241,1
3242,0
3243,1
3244,0
3245,1
3246,0
3247,0
3248,1
3249,0
3250,1
3251,0
3252,1
3253,0
3254,0
3255,0
3256,0
3257,0
3258,0
3259,1
3260,1
3261,0
3262,0
3263,1
3264,1
3265,1
3266,0
3267,0
3268,1
3269,0
3270,0
3271,0
3272,1
3273,1
3274,1
3275,1
3276,1
3277,1
3278,0
3279,0
3280,0
3281,0
3282,1
3283,1
3284,0
3285,0
3286,1
3287,1
3288,0
3289,0
3290,0
3291,1
3292,1
3293,1
3294,1
3295,0
3296,1
3297,0
3298,0
3299,1
3300,0
3301,0
3302,0
3303,0
3304,1
3305,0
3306,1
3307,1
3308,1
3309,0
3310,0
3311,0
3312,1
3313,1
3314,1
3315,1
3316,0
3317,0
3318,1
3319,1
3320,0
3321,0
3322,1
3323,1
3324,1
3325,0
3326,0
3327,1
3328,1
3329,1
3330,1
3331,0
3332,1
3333,1
3334,0
3335,0
3336,0
3337,1
3338,0
3339,1
3340,0
3341,0
3342,0
3343,1
3344,0
3345,1
3346,0
3347,0
3348,0
3349,1
3350,0
3351,1
3352,0
3353,1
3354,1
3355,0
3356,0
3357,0
3358,1
3359,1
3360,0
3361,0
3362,0
3363,0
3364,0
3365,1
3366,1
3367,1
3368,1
3369,1
3370,1
3371,0
3372,1
3373,1
3374,0
3375,0
3376,0
3377,0
3378,1
3379,0
3380,1
3381,1
3382,1
3383,0
3384,1
3385,0
3386,0
3387,0
3388,0
3389,1
3390,1
3391,0
3392,1
3393,1
3394,1
3395,1
3396,1
3397,1
3398,1
3399,1
3400,0
3401,1
3402,1
3403,0
3404,1
3405,0
3406,0
3407,0
3408,0
3409,0
3410,1
3411,1
3412,0
3413,1
3414,0
3415,1
3416,1
3417,0
3418,1
3419,1
3420,0
3421,1
3422,1
3423,1
3424,1
3425,0
3426,0
3427,1
3428,0
3429,0
3430,0
3431,0
3432,1
3433,1
3434,1
3435,1
3436,1
3437,1
3438,0
3439,0
3440,1
3441,1
3442,1
3443,0
3444,0
3445,0
3446,0
3447,1
3448,0
3449,1
3450,0
3451,1
3452,1
3453,0
3454,1
3455,0
3456,1
3457,1
3458,1
3459,0
3460,0
3461,0
3462,1
3463,0
3464,0
3465,0
3466,0
3467,1
3468,0
3469,1
3470,0
3471,0
3472,1
3473,1
3474,0
3475,0
3476,1
3477,0
3478,0
3479,1
3480,1
3481,1
3482,1
3483,0
3484,1
3485,1
3486,0
3487,0
3488,1
3489,1
3490,0
3491,0
3492,0
3493,1
3494,1
3495,1
3496,0
3497,1
3498,0
3499,1
3500,1
3501,1
3502,1
3503,1
3504,1
3505,0
3506,1
3507,0
3508,0
3509,0
3510,1
3511,1
3512,0
3513,1
3514,0
3515,0
3516,0
3517,0
3518,0
3519,1
3520,1
3521,0
3522,1
3523,0
3524,0
3525,1
3526,0
3527,1
3528,0
3529,0
3530,1
3531,0
3532,0
3533,1
3534,1
3535,0
3536,0
3537,1
3538,1
3539,0
3540,0
3541,1
3542,1
3543,1
3544,0
3545,0
3546,0
3547,1
3548,1
3549,1
3550,1
3551,1
3552,1
3553,1
3554,0
3555,1
3556,0
3557,0
3558,1
3559,1
3560,1
3561,1
3562,1
3563,1
3564,1
3565,1
3566,0
3567,0
3568,1
3569,0
3570,1
3571,1
3572,0
3573,1
3574,0
3575,0
3576,0
3577,0
3578,0
3579,0
3580,1
3581,1
3582,0
3583,0
3584,0
3585,1
3586,0
3587,0
3588,0
3589,0
3590,0
3591,0
3592,0
3593,1
3594,1
3595,1
3596,1
3597,1
3598,1
3599,0
3600,1
3601,0
3602,0
3603,0
3604,1
3605,0
3606,0
3607,0
3608,1
3609,0
3610,1
3611,0
3612,1
3613,1
3614,0
3615,0
3616,1
3617,0
3618,0
3619,1
3620,1
3621,0
3622,0
3623,0
3624,1
3625,0
3626,0
3627,1
3628,1
3629,1
3630,1
3631,1
3632,1
3633,0
3634,0
3635,0
3636,0
3637,0
3638,0
3639,1
3640,0
3641,1
3642,0
3643,1
3644,0
3645,0
3646,0
3647,0
3648,0
3649,0
3650,1
3651,1
3652,1
3653,1
3654,1
3655,1
3656,0
3657,0
3658,1
3659,1
3660,1
3661,0
3662,1
3663,0
3664,1
3665,1
3666,0
3667,1
3668,0
3669,1
3670,0
3671,0
3672,1
3673,1
3674,1
3675,1
3676,0
3677,1
3678,1
3679,1
3680,0
3681,1
3682,1
3683,1
3684,0
3685,1
3686,0
3687,1
3688,1
3689,1
3690,0
3691,0
3692,1
3693,1
3694,1
3695,0
3696,0
3697,0
3698,0
3699,1
3700,1
3701,1
3702,0
3703,0
3704,1
3705,0
3706,0
3707,1
3708,0
3709,1
3710,1
3711,0
3712,1
3713,0
3714,1
3715,0
3716,1
3717,1
3718,1
3719,1
3720,1
3721,0
3722,0
3723,0
3724,0
3725,0
3726,1
3727,0
3728,1
3729,1
3730,0
3731,1
3732,1
3733,0
3734,1
3735,0
3736,1
3737,1
3738,1
3739,0
3740,0
3741,0
3742,0
3743,0
3744,1
3745,0
3746,1
3747,1
3748,0
3749,0
3750,0
3751,0
3752,0
3753,0
3754,0
3755,1
3756,0
3757,1
3758,0
3759,0
3760,1
3761,0
3762,0
3763,0
3764,0
3765,0
3766,0
3767,1
3768,1
3769,1
3770,0
3771,0
3772,0
3773,0
3774,1
3775,0
3776,0
3777,0
3778,1
3779,0
3780,1
3781,1
3782,0
3783,1
3784,1
3785,1
3786,0
3787,1
3788,1
3789,1
3790,0
3791,0
3792,1
3793,0
3794,0
3795,1
3796,1
3797,1
3798,1
3799,1
3800,1
3801,0
3802,0
3803,1
3804,1
3805,0
3806,1
3807,1
3808,0
3809,1
3810,1
3811,1
3812,1
3813,0
3814,1
3815,0
3816,1
3817,1
3818,1
3819,1
3820,0
3821,0
3822,0
3823,1
3824,1
3825,0
3826,1
3827,0
3828,0
3829,1
3830,0
3831,0
3832,1
3833,0
3834,0
3835,0
3836,1
3837,1
3838,1
3839,0
3840,0
3841,1
3842,0
3843,0
3844,1
3845,0
3846,0
3847,1
3848,1
3849,1
3850,1
3851,0
3852,0
3853,0
3854,1
3855,1
3856,0
3857,1
3858,0
3859,1
3860,0
3861,0
3862,1
3863,0
3864,0
3865,0
3866,1
3867,0
3868,0
3869,0
3870,0
3871,1
3872,0
3873,0
3874,0
3875,1
3876,1
3877,1
3878,0
3879,1
3880,0
3881,0
3882,0
3883,0
3884,1
3885,0
3886,0
3887,1
3888,0
3889,0
3890,1
3891,0
3892,0
3893,1
3894,1
3895,1
3896,0
3897,0
3898,1
3899,1
3900,0
3901,0
3902,1
3903,0
3904,0
3905,1
3906,0
3907,0
3908,0
3909,0
3910,1
3911,1
3912,1
3913,0
3914,1
3915,0
3916,0
3917,1
3918,1
3919,0
3920,0
3921,1
3922,1
3923,1
3924,1
3925,0
3926,1
3927,0
3928,1
3929,1
3930,1
3931,1
3932,0
3933,1
3934,1
3935,1
3936,0
3937,0
3938,0
3939,0
3940,1
3941,0
3942,0
3943,0
3944,1
3945,0
3946,0
3947,0
3948,1
3949,0
3950,1
3951,0
3952,1
3953,1
3954,1
3955,0
3956,0
3957,0
3958,1
3959,0
3960,0
3961,0
3962,0
3963,1
3964,1
3965,1
3966,1
3967,0
3968,1
3969,0
3970,1
3971,1
3972,1
3973,0
3974,0
3975,1
3976,0
3977,0
3978,0
3979,1
3980,1
3981,1
3982,1
3983,0
3984,1
3985,0
3986,1
3987,0
3988,0
3989,1
3990,0
3991,1
3992,1
3993,0
3994,0
3995,1
3996,1
3997,1
3998,1
3999,0
4000,0
4001,0
4002,1
4003,0
4004,0
4005,0
4006,0
4007,0
4008,0
4009,0
4010,0
4011,1
4012,1
4013,1
4014,0
4015,1
4016,0
4017,0
4018,1
4019,1
4020,1
4021,1
4022,0
4023,1
4024,1
4025,0
4026,0
4027,0
4028,1
4029,0
4030,0
4031,1
4032,0
4033,1
4034,1
4035,1
4036,1
4037,1
4038,1
4039,0
4040,0
4041,0
4042,1
4043,1
4044,0
4045,0
4046,1
4047,0
4048,0
4049,0
4050,1
4051,0
4052,0
4053,1
4054,1
4055,0
4056,1
4057,1
4058,0
4059,1
4060,1
4061,0
4062,1
4063,0
4064,1
4065,1
4066,1
4067,1
4068,0
4069,1
4070,1
4071,1
4072,1
4073,0
4074,1
4075,0
4076,1
4077,1
4078,0
4079,1
4080,0
4081,0
4082,1
4083,0
4084,0
4085,1
4086,1
4087,0
4088,0
4089,1
4090,1
4091,0
4092,1
4093,0
4094,1
4095,0
4096,0
4097,0
4098,0
4099,0
4100,0
4101,1
4102,0
4103,1
4104,1
4105,1
4106,0
4107,0
4108,0
4109,1
4110,1
4111,1
4112,1
4113,0
4114,1
4115,0
4116,0
4117,1
4118,0
4119,1
4120,0
4121,1
4122,0
4123,1
4124,1
4125,1
4126,1
4127,1
4128,0
4129,0
4130,1
4131,1
4132,1
4133,1
4134,1
4135,0
4136,1
4137,0
4138,1
4139,0
4140,0
4141,0
4142,0
4143,0
4144,0
4145,1
4146,1
4147,0
4148,0
4149,1
4150,1
4151,0
4152,0
4153,1
4154,1
4155,0
4156,0
4157,0
4158,1
4159,1
4160,0
4161,0
4162,0
4163,1
4164,0
4165,1
4166,0
4167,0
4168,0
4169,0
4170,1
4171,0
4172,0
4173,1
4174,1
4175,1
4176,0
4177,1
4178,1
4179,1
4180,1
4181,1
4182,0
4183,0
4184,0
4185,1
4186,0
4187,0
4188,0
4189,1
4190,1
4191,0
4192,0
4193,0
4194,1
4195,0
4196,0
4197,1
4198,0
4199,1
4200,0
4201,0
4202,0
4203,1
4204,1
4205,0
4206,1
4207,1
4208,1
4209,1
4210,0
4211,0
4212,1
4213,0
4214,1
4215,0
4216,1
4217,1
4218,1
4219,1
4220,0
4221,1
4222,0
4223,0
4224,1
4225,1
4226,1
4227,0
4228,0
4229,0
4230,1
4231,0
4232,1
4233,1
4234,0
4235,0
4236,1
4237,1
4238,1
4239,0
4240,1
4241,1
4242,1
4243,0
4244,0
4245,0
4246,1
4247,1
4248,0
4249,0
4250,0
4251,1
4252,0
4253,0
4254,0
4255,0
4256,1
4257,0
4258,1
4259,1
4260,0
4261,0
4262,0
4263,0
4264,1
4265,0
4266,1
4267,0
4268,0
4269,0
4270,0
4271,1
4272,0
4273,1
4274,0
4275,1
4276,1
4277,0
4278,1
4279,1
4280,0
4281,0
4282,0
4283,1
4284,0
4285,0
4286,1
4287,0
4288,0
4289,1
4290,1
4291,0
4292,0
4293,0
4294,0
4295,0
4296,1
4297,1
4298,1
4299,1
4300,1
4301,0
4302,1
4303,0
4304,1
4305,0
4306,1
4307,0
4308,0
4309,1
4310,0
4311,1
4312,0
4313,0
4314,1
4315,1
4316,0
4317,0
4318,0
4319,1
4320,0
4321,0
4322,0
4323,1
4324,0
4325,0
4326,1
4327,1
4328,1
4329,1
4330,1
4331,0
4332,1
4333,0
4334,0
4335,1
4336,0
4337,0
4338,1
4339,0
4340,1
4341,0
4342,0
4343,0
4344,1
4345,0
4346,0
4347,0
4348,1
4349,0
4350,1
4351,0
4352,1
4353,1
4354,1
4355,1
4356,0
4357,0
4358,1
4359,0
4360,0
4361,0
4362,0
4363,1
4364,0
4365,1
4366,0
4367,1
4368,0
4369,1
4370,1
4371,0
4372,0
4373,1
4374,1
4375,1
4376,0
4377,1
4378,1
4379,0
4380,1
4381,1
4382,0
4383,1
4384,0
4385,1
4386,0
4387,1
4388,1
4389,1
4390,0
4391,0
4392,0
4393,1
4394,1
4395,1
4396,1
4397,1
4398,1
4399,0
4400,1
4401,0
4402,1
4403,0
4404,1
4405,1
4406,1
4407,1
4408,0
4409,0
4410,1
4411,0
4412,1
4413,0
4414,1
4415,0
4416,0
4417,0
4418,0
4419,1
4420,1
4421,1
4422,0
4423,0
4424,1
4425,0
4426,1
4427,0
4428,1
4429,0
4430,0
4431,1
4432,1
4433,1
4434,0
4435,1
4436,0
4437,0
4438,1
4439,1
4440,0
4441,0
4442,0
4443,1
4444,1
4445,0
4446,1
4447,1
4448,0
4449,1
4450,0
4451,1
4452,0
4453,1
4454,0
4455,1
4456,1
4457,0
4458,0
4459,0
4460,1
4461,0
4462,0
4463,1
4464,1
4465,1
4466,1
4467,0
4468,1
4469,1
4470,1
4471,1
4472,0
4473,1
4474,0
4475,1
4476,0
4477,1
4478,1
4479,1
4480,1
4481,0
4482,0
4483,0
4484,1
4485,1
4486,1
4487,0
4488,1
4489,1
4490,0
4491,1
4492,1
4493,1
4494,0
4495,0
4496,1
4497,1
4498,0
4499,1
4500,1
4501,0
4502,1
4503,1
4504,1
4505,1
4506,1
4507,1
4508,0
4509,1
4510,1
4511,0
4512,1
4513,1
4514,1
4515,0
4516,1
4517,1
4518,1
4519,0
4520,1
4521,1
4522,0
4523,0
4524,0
4525,0
4526,0
4527,1
4528,0
4529,1
4530,1
4531,0
4532,1
4533,1
4534,0
4535,0
4536,0
4537,1
4538,0
4539,1
4540,0
4541,1
4542,0
4543,0
4544,1
4545,0
4546,1
4547,0
4548,1
4549,1
4550,0
4551,0
4552,1
4553,0
4554,0
4555,0
4556,0
4557,0
4558,0
4559,1
4560,1
4561,1
4562,1
4563,0
4564,0
4565,1
4566,0
4567,0
4568,0
4569,1
4570,1
4571,1
4572,1
4573,1
4574,0
4575,0
4576,1
4577,0
4578,0
4579,1
4580,1
4581,1
4582,0
4583,1
4584,1
4585,0
4586,0
4587,0
4588,0
4589,0
4590,1
4591,0
4592,0
4593,0
4594,1
4595,1
4596,0
4597,0
4598,1
4599,0
4600,1
4601,1
4602,0
4603,0
4604,1
4605,1
4606,1
4607,0
4608,0
4609,0
4610,0
4611,1
4612,1
4613,1
4614,1
4615,1
4616,1
4617,0
4618,0
4619,1
4620,1
4621,0
4622,1
4623,1
4624,0
4625,0
4626,0
4627,0
4628,1
4629,0
4630,1
4631,0
4632,1
4633,0
4634,1
4635,1
4636,1
4637,0
4638,1
4639,1
4640,0
4641,0
4642,0
4643,0
4644,0
4645,1
4646,0
4647,0
4648,0
4649,0
4650,1
4651,1
4652,1
4653,1
4654,0
4655,0
4656,1
4657,1
4658,0
4659,0
4660,0
4661,0
4662,0
4663,0
4664,0
4665,1
4666,0
4667,0
4668,0
4669,0
4670,1
4671,0
4672,0
4673,1
4674,1
4675,0
4676,0
4677,1
4678,0
4679,1
4680,0
4681,0
4682,0
4683,0
4684,1
4685,1
4686,1
4687,0
4688,1
4689,0
4690,1
4691,0
4692,0
4693,1
4694,1
4695,0
4696,1
4697,1
4698,1
4699,0
4700,0
4701,1
4702,1
4703,1
4704,1
4705,1
4706,1
4707,1
4708,0
4709,1
4710,0
4711,0
4712,0
4713,1
4714,0
4715,1
4716,0
4717,1
4718,1
4719,0
4720,0
4721,1
4722,1
4723,0
4724,0
4725,0
4726,1
4727,0
4728,1
4729,0
4730,0
4731,1
4732,1
4733,0
4734,0
4735,1
4736,1
4737,0
4738,0
4739,1
4740,0
4741,1
4742,0
4743,1
4744,1
4745,1
4746,1
4747,1
4748,0
4749,1
4750,0
4751,1
4752,0
4753,1
4754,1
4755,0
4756,1
4757,1
4758,0
4759,0
4760,0
4761,1
4762,1
4763,0
4764,1
4765,0
4766,0
4767,0
4768,1
4769,1
4770,1
4771,0
4772,0
4773,0
4774,0
4775,0
4776,1
4777,0
4778,0
4779,0
4780,1
4781,0
4782,1
4783,0
4784,0
4785,0
4786,0
4787,0
4788,1
4789,1
4790,0
4791,1
4792,0
4793,0
4794,0
4795,1
4796,1
4797,1
4798,0
4799,1
4800,0
4801,0
4802,1
4803,0
4804,0
4805,0
4806,1
4807,1
4808,1
4809,1
4810,0
4811,1
4812,0
4813,0
4814,0
4815,1
4816,1
4817,1
4818,0
4819,0
4820,0
4821,0
4822,0
4823,0
4824,0
4825,1
4826,0
4827,0
4828,0
4829,1
4830,0
4831,1
4832,1
4833,0
4834,0
4835,0
4836,0
4837,1
4838,0
4839,1
4840,0
4841,1
4842,0
4843,0
4844,0
4845,0
4846,1
4847,1
4848,0
4849,0
4850,1
4851,0
4852,0
4853,1
4854,1
4855,1
4856,1
4857,1
4858,0
4859,0
4860,1
4861,0
4862,0
4863,1
4864,1
4865,1
4866,1
4867,0
4868,0
4869,0
4870,1
4871,0
4872,0
4873,0
4874,0
4875,1
4876,1
4877,0
4878,0
4879,1
4880,0
4881,0
4882,1
4883,1
4884,0
4885,0
4886,0
4887,0
4888,1
4889,1
4890,0
4891,1
4892,0
4893,0
4894,1
4895,0
4896,0
4897,1
4898,0
4899,1
4900,0
4901,1
4902,0
4903,1
4904,0
4905,1
4906,0
4907,0
4908,0
4909,0
4910,1
4911,0
4912,0
4913,1
4914,0
4915,1
4916,1
4917,1
4918,1
4919,0
4920,0
4921,1
4922,1
4923,1
4924,1
4925,0
4926,1
4927,1
4928,0
4929,0
4930,0
4931,1
4932,1
4933,1
4934,0
4935,1
4936,0
4937,1
4938,1
4939,1
4940,1
4941,1
4942,0
4943,1
4944,1
4945,1
4946,0
4947,1
4948,0
4949,1
4950,1
4951,1
4952,0
4953,0
4954,0
4955,0
4956,0
4957,1
4958,1
4959,1
4960,0
4961,1
4962,1
4963,0
4964,0
4965,1
4966,1
4967,1
4968,0
4969,0
4970,0
4971,1
4972,1
4973,0
4974,0
4975,1
4976,0
4977,1
4978,1
4979,0
4980,0
4981,0
4982,1
4983,1
4984,0
4985,1
4986,1
4987,1
4988,0
4989,1
4990,0
4991,0
4992,1
4993,1
4994,0
4995,0
4996,1
4997,0
4998,0
4999,1
5000,0
5001,0
5002,0
5003,1
5004,1
5005,0
5006,0
5007,1
5008,1
5009,0
5010,0
5011,0
5012,1
5013,1
5014,1
5015,0
5016,0
5017,1
5018,0
5019,0
5020,1
5021,0
5022,0
5023,0
5024,1
5025,1
5026,1
5027,1
5028,1
5029,0
5030,1
5031,0
5032,1
5033,1
5034,0
5035,0
5036,0
5037,1
5038,1
5039,0
5040,0
5041,1
5042,1
5043,0
5044,1
5045,1
5046,0
5047,1
5048,0
5049,1
5050,0
5051,1
5052,0
5053,0
5054,1
5055,0
5056,1
5057,1
5058,1
5059,1
5060,0
5061,1
5062,0
5063,1
5064,0
5065,0
5066,1
5067,0
5068,0
5069,0
5070,1
5071,1
5072,1
5073,0
5074,0
5075,0
5076,1
5077,1
5078,1
5079,0
5080,0
5081,1
5082,1
5083,0
5084,1
5085,0
5086,0
5087,1
5088,1
5089,0
5090,1
5091,1
5092,1
5093,0
5094,0
5095,0
5096,1
5097,0
5098,1
5099,0
5100,1
5101,0
5102,1
5103,0
5104,0
5105,1
5106,1
5107,1
5108,1
5109,0
5110,1
5111,1
5112,0
5113,0
5114,1
5115,0
5116,1
5117,0
5118,0
5119,1
5120,1
5121,0
5122,0
5123,0
5124,1
5125,1
5126,0
5127,0
5128,1
5129,1
5130,1
5131,0
5132,0
5133,1
5134,0
5135,1
5136,0
5137,1
5138,1
5139,1
5140,1
5141,1
5142,1
5143,1
5144,0
5145,0
5146,1
5147,1
5148,1
5149,1
5150,1
5151,1
5152,0
5153,0
5154,0
5155,1
5156,1
5157,0
5158,0
5159,1
5160,0
5161,0
5162,1
5163,0
5164,1
5165,0
5166,1
5167,0
5168,1
5169,0
5170,1
5171,1
5172,0
5173,1
5174,1
5175,0
5176,0
5177,0
5178,1
5179,1
5180,1
5181,0
5182,1
5183,1
5184,1
5185,0
5186,1
5187,1
5188,0
5189,1
5190,1
5191,1
5192,1
5193,1
5194,1
5195,0
5196,0
5197,1
5198,0
5199,1
5200,1
5201,0
5202,0
5203,0
5204,0
5205,0
5206,0
5207,1
5208,0
5209,0
5210,1
5211,0
5212,0
5213,1
5214,0
5215,1
5216,1
5217,0
5218,1
5219,0
5220,0
5221,0
5222,1
5223,1
5224,0
5225,1
5226,0
5227,0
5228,0
5229,1
5230,1
5231,1
5232,1
5233,0
5234,1
5235,0
5236,1
5237,0
5238,0
5239,1
5240,0
5241,0
5242,0
5243,1
5244,0
5245,1
5246,0
5247,1
5248,0
5249,0
5250,0
5251,1
5252,1
5253,0
5254,0
5255,1
5256,0
5257,1
5258,1
5259,0
5260,1
5261,1
5262,0
5263,0
5264,1
5265,0
5266,0
5267,0
5268,1
5269,1
5270,0
5271,1
5272,1
5273,0
5274,1
5275,1
5276,1
5277,0
5278,1
5279,1
5280,0
5281,1
5282,1
5283,1
5284,0
5285,1
5286,0
5287,1
5288,0
5289,0
5290,1
5291,1
5292,0
5293,1
5294,1
5295,0
5296,1
5297,1
5298,1
5299,1
5300,1
5301,1
5302,0
5303,0
5304,0
5305,1
5306,0
5307,0
5308,1
5309,1
5310,0
5311,0
5312,1
5313,1
5314,0
5315,1
5316,0
5317,0
5318,1
5319,1
5320,0
5321,1
5322,0
5323,0
5324,1
5325,0
5326,1
5327,1
5328,1
5329,0
5330,1
5331,1
5332,1
5333,1
5334,1
5335,0
5336,1
5337,0
5338,0
5339,0
5340,0
5341,1
5342,0
5343,0
5344,0
5345,0
5346,1
5347,1
5348,0
5349,1
5350,0
5351,1
5352,0
5353,1
5354,0
5355,0
5356,1
5357,0
5358,1
5359,0
5360,1
5361,1
5362,1
5363,1
5364,0
5365,0
5366,0
5367,1
5368,0
5369,0
5370,1
5371,1
5372,0
5373,1
5374,1
5375,0
5376,0
5377,0
5378,1
5379,0
5380,1
5381,0
5382,1
5383,1
5384,1
5385,1
5386,1
5387,0
5388,0
5389,0
5390,0
5391,0
5392,1
5393,0
5394,0
5395,0
5396,1
5397,1
5398,1
5399,0
5400,0
5401,1
5402,0
5403,1
5404,0
5405,1
5406,1
5407,1
5408,1
5409,0
5410,1
5411,1
5412,1
5413,1
5414,0
5415,0
5416,1
5417,1
5418,1
5419,0
5420,0
5421,1
5422,0
5423,0
5424,1
5425,1
5426,0
5427,1
5428,0
5429,0
5430,0
5431,1
5432,0
5433,0
5434,1
5435,1
5436,0
5437,1
5438,0
5439,0
5440,1
5441,0
5442,1
5443,0
5444,0
5445,1
5446,0
5447,1
5448,0
5449,0
5450,0
5451,0
5452,1
5453,1
5454,1
5455,0
5456,0
5457,1
5458,0
5459,0
5460,0
5461,0
5462,1
5463,0
5464,0
5465,1
5466,0
5467,0
5468,0
5469,1
5470,0
5471,0
5472,1
5473,1
5474,1
5475,1
5476,1
5477,1
5478,1
5479,0
5480,0
5481,0
5482,0
5483,0
5484,1
5485,0
5486,0
5487,0
5488,0
5489,0
5490,0
5491,1
5492,0
5493,1
5494,1
5495,1
5496,0
5497,1
5498,0
5499,0
5500,1
5501,0
5502,1
5503,0
5504,1
5505,1
5506,0
5507,0
5508,1
5509,0
5510,0
5511,0
5512,0
5513,0
5514,1
5515,1
5516,0
5517,0
5518,0
5519,1
5520,0
5521,0
5522,1
5523,1
5524,0
5525,1
5526,1
5527,0
5528,0
5529,1
5530,0
5531,1
5532,0
5533,0
5534,0
5535,0
5536,1
5537,0
5538,1
5539,1
5540,0
5541,1
5542,1
5543,0
5544,0
5545,0
5546,1
5547,0
5548,1
5549,1
5550,1
5551,0
5552,1
5553,0
5554,0
5555,1
5556,0
5557,1
5558,1
5559,1
5560,0
5561,1
5562,1
5563,1
5564,0
5565,0
5566,1
5567,1
5568,1
5569,1
5570,1
5571,1
5572,0
5573,1
5574,0
5575,0
5576,1
5577,1
5578,1
5579,1
5580,1
5581,1
5582,0
5583,0
5584,1
5585,0
5586,0
5587,0
5588,1
5589,1
5590,0
5591,1
5592,0
5593,0
5594,1
5595,0
5596,1
5597,0
5598,1
5599,0
5600,0
5601,0
5602,0
5603,0
5604,0
5605,1
5606,0
5607,1
5608,1
5609,0
5610,0
5611,0
5612,0
5613,0
5614,1
5615,1
5616,1
5617,1
5618,0
5619,1
5620,0
5621,1
5622,0
5623,0
5624,0
5625,1
5626,0
5627,0
5628,0
5629,1
5630,0
5631,0
5632,1
5633,1
5634,1
5635,0
5636,0
5637,0
5638,0
5639,1
5640,0
5641,1
5642,1
5643,0
5644,1
5645,1
5646,1
5647,1
5648,1
5649,0
5650,1
5651,1
5652,0
5653,1
5654,0
5655,1
5656,1
5657,1
5658,1
5659,0
5660,0
5661,1
5662,0
5663,0
5664,0
5665,1
5666,0
5667,0
5668,0
5669,0
5670,0
5671,1
5672,1
5673,0
5674,0
5675,0
5676,0
5677,1
5678,1
5679,1
5680,1
5681,0
5682,0
5683,1
5684,1
5685,0
5686,0
5687,1
5688,0
5689,0
5690,1
5691,0
5692,1
5693,1
5694,1
5695,1
5696,1
5697,1
5698,1
5699,1
5700,1
5701,0
5702,0
5703,1
5704,1
5705,1
5706,1
5707,1
5708,1
5709,1
5710,0
5711,0
5712,1
5713,0
5714,0
5715,1
5716,1
5717,1
5718,1
5719,1
5720,1
5721,0
5722,1
5723,0
5724,1
5725,0
5726,0
5727,1
5728,0
5729,1
5730,1
5731,1
5732,0
5733,1
5734,1
5735,0
5736,1
5737,0
5738,1
5739,1
5740,1
5741,0
5742,1
5743,1
5744,0
5745,0
5746,0
5747,1
5748,0
5749,0
5750,1
5751,1
5752,0
5753,0
5754,0
5755,1
5756,0
5757,1
5758,0
5759,1
5760,0
5761,0
5762,0
5763,0
5764,0
5765,0
5766,0
5767,1
5768,1
5769,1
5770,1
5771,1
5772,0
5773,0
5774,1
5775,0
5776,0
5777,0
5778,0
5779,1
5780,1
5781,1
5782,0
5783,1
5784,0
5785,1
5786,0
5787,0
5788,0
5789,1
5790,0
5791,0
5792,0
5793,1
5794,1
5795,1
5796,0
5797,0
5798,1
5799,0
5800,1
5801,0
5802,0
5803,1
5804,1
5805,1
5806,1
5807,0
5808,1
5809,0
5810,1
5811,0
5812,1
5813,0
5814,0
5815,1
5816,0
5817,0
5818,1
5819,1
5820,1
5821,0
5822,0
5823,0
5824,1
5825,0
5826,0
5827,0
5828,1
5829,0
5830,0
5831,1
5832,1
5833,0
5834,1
5835,1
5836,1
5837,1
5838,0
5839,0
5840,0
5841,1
5842,1
5843,1
5844,1
5845,1
5846,0
5847,1
5848,1
5849,1
5850,1
5851,0
5852,1
5853,1
5854,0
5855,1
5856,0
5857,1
5858,1
5859,1
5860,0
5861,0
5862,1
5863,1
5864,0
5865,1
5866,0
5867,1
5868,1
5869,0
5870,0
5871,0
5872,0
5873,0
5874,0
5875,0
5876,0
5877,1
5878,1
5879,0
5880,1
5881,1
5882,1
5883,0
5884,1
5885,1
5886,0
5887,1
5888,0
5889,0
5890,1
5891,1
5892,1
5893,1
5894,0
5895,1
5896,0
5897,1
5898,0
5899,0
5900,0
5901,0
5902,1
5903,0
5904,1
5905,0
5906,1
5907,0
5908,0
5909,0
5910,0
5911,0
5912,0
5913,0
5914,0
5915,0
5916,0
5917,0
5918,0
5919,1
5920,1
5921,1
5922,1
5923,0
5924,1
5925,1
5926,1
5927,1
5928,1
5929,0
5930,0
5931,0
5932,0
5933,0
5934,1
5935,0
5936,0
5937,1
5938,1
5939,0
5940,0
5941,0
5942,0
5943,1
5944,1
5945,0
5946,0
5947,1
5948,1
5949,1
5950,0
5951,0
5952,1
5953,0
5954,1
5955,0
5956,1
5957,1
5958,1
5959,1
5960,0
5961,0
5962,1
5963,1
5964,0
5965,0
5966,0
5967,1
5968,0
5969,1
5970,1
5971,1
5972,0
5973,0
5974,0
5975,0
5976,1
5977,0
5978,1
5979,1
5980,1
5981,0
5982,0
5983,1
5984,1
5985,0
5986,0
5987,0
5988,1
5989,0
5990,0
5991,0
5992,0
5993,0
5994,1
5995,1
5996,0
5997,1
5998,0
5999,0
6000,1
6001,0
6002,0
6003,1
6004,0
6005,1
6006,1
6007,0
6008,0
6009,1
6010,1
6011,0
6012,0
6013,1
6014,1
6015,1
6016,1
6017,0
6018,1
6019,0
6020,1
6021,1
6022,0
6023,1
6024,0
6025,0
6026,1
6027,0
6028,0
6029,0
6030,1
6031,1
6032,1
6033,1
6034,1
6035,0
6036,0
6037,0
6038,0
6039,0
6040,0
6041,0
6042,0
6043,1
6044,0
6045,1
6046,1
6047,0
6048,0
6049,0
6050,0
6051,1
6052,1
6053,1
6054,0
6055,0
6056,0
6057,1
6058,1
6059,1
6060,1
6061,0
6062,1
6063,0
6064,0
6065,0
6066,1
6067,1
6068,0
6069,1
6070,0
6071,1
6072,0
6073,1
6074,0
6075,0
6076,1
6077,0
6078,0
6079,0
6080,1
6081,0
6082,1
6083,0
6084,0
6085,0
6086,0
6087,0
6088,1
6089,1
6090,0
6091,0
6092,1
6093,0
6094,1
6095,0
6096,0
6097,1
6098,0
6099,0
6100,0
6101,0
6102,1
6103,0
6104,1
6105,1
6106,0
6107,0
6108,1
6109,0
6110,0
6111,1
6112,1
6113,0
6114,1
6115,0
6116,1
6117,1
6118,0
6119,0
6120,0
6121,0
6122,1
6123,0
6124,1
6125,1
6126,0
6127,1
6128,1
6129,1
6130,0
6131,1
6132,1
6133,1
6134,1
6135,0
6136,0
6137,0
6138,1
6139,1
6140,0
6141,0
6142,1
6143,1
6144,1
6145,0
6146,1
6147,1
6148,1
6149,0
6150,1
6151,1
6152,1
6153,1
6154,1
6155,0
6156,0
6157,1
6158,1
6159,1
